alpha,T,N,M,n_dis,tau_median,P_esc_final,n_confirmed
0.18,2.00,55,20000,2000,4668.0,0.025500,51
0.20,2.00,50,20000,2000,4520.0,0.154500,309
0.22,2.00,45,20000,2000,3644.0,0.622500,1245
0.18,1.60,55,20000,2000,4968.0,0.029000,58
0.20,1.60,50,20000,2000,5058.0,0.129000,258
0.22,1.60,45,20000,2000,3864.0,0.571500,1143
0.18,1.20,55,20000,2000,6102.0,0.026000,52
0.20,1.20,50,20000,2000,4860.0,0.119500,239
