alpha,T,N,M,n_dis,tau_median,P_esc_final,n_confirmed
0.18,2.00,55,20000,2000,4276.0,0.027500,55
0.20,2.00,50,20000,2000,4148.0,0.141000,282
